,Date,sensor,value
0,11/02/21 22:06:08,Temperatura,28.2956316880737
1,11/02/21 22:06:11,Temperatura,32.37409702449449
2,11/02/21 22:06:12,Temperatura,24.768063612333837
3,11/02/21 22:06:13,Temperatura,25.25664609104887
4,11/02/21 22:06:14,Temperatura,34.2988157971584
5,11/02/21 22:06:15,Temperatura,29.802012174167963
6,11/02/21 22:06:16,Temperatura,29.445659015146607
7,11/02/21 22:06:17,Temperatura,29.705890057538827
8,11/02/21 22:06:18,Temperatura,25.00715986685713
9,11/02/21 22:06:20,Temperatura,29.040472710648316
10,11/02/21 22:06:21,Temperatura,29.25912093591228
11,11/02/21 22:06:22,Temperatura,29.150571948582396
12,11/02/21 22:06:23,Temperatura,30.726992342239537
13,11/02/21 22:06:24,Temperatura,38.73841172665831
14,11/02/21 22:06:25,Temperatura,31.67700061524316
15,11/02/21 22:06:26,Temperatura,34.10224304424717
16,11/02/21 22:06:27,Temperatura,25.43768734611237
17,11/02/21 22:06:28,Temperatura,26.847393028840496
18,11/02/21 22:06:29,Temperatura,36.34206037161967
19,11/02/21 22:06:31,Temperatura,28.031447587981337
20,11/02/21 22:06:32,Temperatura,28.764411643209204
21,11/02/21 22:06:33,Temperatura,37.1707483010572
22,11/02/21 22:06:34,Temperatura,26.642747025909717
23,11/02/21 22:06:35,Temperatura,43.19905936922901
24,11/02/21 22:06:36,Temperatura,26.624739117832707
25,11/02/21 22:06:37,Temperatura,31.64192990941217
26,11/02/21 22:06:38,Temperatura,33.67692301120539
27,11/02/21 22:06:39,Temperatura,29.231529994696192
28,11/02/21 22:06:40,Temperatura,20.293088111416793
29,11/02/21 22:06:41,Temperatura,31.098693675028702
30,11/02/21 22:06:42,Temperatura,24.418041402885038
31,11/02/21 22:06:44,Temperatura,39.26483652075567
32,11/02/21 22:06:45,Temperatura,22.34601784205942
33,11/02/21 22:06:46,Temperatura,33.2444622797477
34,11/02/21 22:06:47,Temperatura,28.25829116838021
35,11/02/21 22:06:48,Temperatura,30.3324066513891
36,11/02/21 22:06:49,Temperatura,28.284205824520875
37,11/02/21 22:06:50,Temperatura,17.226768788986178
38,11/02/21 22:06:51,Temperatura,28.15836523507086
39,11/02/21 22:06:52,Temperatura,30.085131734290975
40,11/02/21 22:06:53,Temperatura,28.98627176530991
41,11/02/21 22:06:54,Temperatura,33.59737568009865
42,11/02/21 22:06:55,Temperatura,28.216185209177304
43,11/02/21 22:06:57,Temperatura,25.635779503730042
44,11/02/21 22:06:58,Temperatura,33.33547855051423
45,11/02/21 22:06:59,Temperatura,46.72348280810924
46,11/02/21 22:07:00,Temperatura,24.668455654700754
47,11/02/21 22:07:01,Temperatura,25.70246567472448
48,11/02/21 22:07:02,Temperatura,37.201673479004704
49,11/02/21 22:07:03,Temperatura,25.732610364078226
50,11/02/21 22:07:04,Temperatura,29.465729901738197
51,11/02/21 22:07:05,Temperatura,37.16966427127865
52,11/02/21 22:07:06,Temperatura,26.768364513692664
53,11/02/21 22:07:08,Temperatura,37.67133536559173
54,11/02/21 22:07:09,Temperatura,28.96918053606138
55,11/02/21 22:07:10,Temperatura,24.33077185296148
56,11/02/21 22:07:11,Temperatura,26.392546614875833
57,11/02/21 22:07:12,Temperatura,27.20592856546771
58,11/02/21 22:07:13,Temperatura,29.372755852619367
59,11/02/21 22:07:14,Temperatura,30.263390595772208
60,11/02/21 22:07:15,Temperatura,23.03905729638617
61,11/02/21 22:07:16,Temperatura,36.914788664726224
62,11/02/21 22:07:17,Temperatura,33.009068915631325
63,11/02/21 22:07:19,Temperatura,22.62501139941898
64,11/02/21 22:07:20,Temperatura,26.83563185340169
65,11/02/21 22:07:21,Temperatura,32.77601088517775
66,11/02/21 22:07:22,Temperatura,40.0643002652119
67,11/02/21 22:07:23,Temperatura,29.148029322960745
68,11/02/21 22:07:24,Temperatura,25.301436319137146
69,11/02/21 22:07:25,Temperatura,24.177984312771365
70,11/02/21 22:07:26,Temperatura,20.6162975604824
71,11/02/21 22:07:27,Temperatura,34.37599830130772
72,11/02/21 22:07:28,Temperatura,31.80948084742087
73,11/02/21 22:07:30,Temperatura,25.143627059048306
74,11/02/21 22:07:31,Temperatura,33.577174390762934
75,11/02/21 22:07:32,Temperatura,24.52700017466654
76,11/02/21 22:07:33,Temperatura,26.26032062140322
77,11/02/21 22:07:34,Temperatura,23.72250596733104
78,11/02/21 22:07:35,Temperatura,29.117843510265676
79,11/02/21 22:07:36,Temperatura,37.624777919538936
80,11/02/21 22:07:37,Temperatura,34.62103235074829
81,11/02/21 22:07:38,Temperatura,31.06157730192598
82,11/02/21 22:07:39,Temperatura,30.107840800364098
83,11/02/21 22:07:41,Temperatura,24.56876374290183
84,11/02/21 22:07:42,Temperatura,35.115585029910065
85,11/02/21 22:07:43,Temperatura,33.081884135407286
86,11/02/21 22:07:44,Temperatura,29.811619885730444
87,11/02/21 22:07:45,Temperatura,32.84267983969837
88,11/02/21 22:07:46,Temperatura,24.397883490092717
89,11/02/21 22:07:47,Temperatura,34.46951715455053
90,11/02/21 22:07:48,Temperatura,34.30635993975366
91,11/02/21 22:07:49,Temperatura,19.617023568620112
92,11/02/21 22:07:50,Temperatura,33.242462013727554
93,11/02/21 22:07:52,Temperatura,41.51502935053787
94,11/02/21 22:07:53,Temperatura,31.64506667613285
95,11/02/21 22:07:54,Temperatura,23.549060116069825
96,11/02/21 22:07:55,Temperatura,24.07174502541563
97,11/02/21 22:07:56,Temperatura,24.98411113686042
98,11/02/21 22:07:57,Temperatura,21.324055673356362
99,11/02/21 22:07:58,Temperatura,32.04610559640965
100,11/02/21 22:07:59,Temperatura,30.318787827344007
101,11/02/21 22:08:00,Temperatura,30.62645940451907
102,11/02/21 22:08:01,Temperatura,26.274257109282694
103,11/02/21 22:08:02,Temperatura,44.693134815272316
104,11/02/21 22:08:03,Temperatura,25.53854351075402
105,11/02/21 22:08:05,Temperatura,20.35056398030806
106,11/02/21 22:08:06,Temperatura,33.359363322182766
107,11/02/21 22:08:07,Temperatura,34.08964161622701
108,11/02/21 22:08:08,Temperatura,37.3110035634719
109,11/02/21 22:08:09,Temperatura,35.13497416467097
110,11/02/21 22:08:10,Temperatura,30.456268240628113
111,11/02/21 22:08:11,Temperatura,37.25176318507718
112,11/02/21 22:08:12,Temperatura,26.233342362521984
113,11/02/21 22:08:13,Temperatura,29.186019813233532
114,11/02/21 22:08:14,Temperatura,26.814254705241392
115,11/02/21 22:08:15,Temperatura,28.14200745619371
116,11/02/21 22:08:17,Temperatura,36.36314184296786
117,11/02/21 22:08:18,Temperatura,20.032191598016265
118,11/02/21 22:08:19,Temperatura,29.797949382454465
119,11/02/21 22:08:20,Temperatura,29.847630118285696
120,11/02/21 22:08:21,Temperatura,29.788129783333492
121,11/02/21 22:08:22,Temperatura,30.83245009579445
122,11/02/21 22:08:23,Temperatura,23.49329585350187
123,11/02/21 22:08:24,Temperatura,17.274332632369358
124,11/02/21 22:08:25,Temperatura,36.722168845122596
125,11/02/21 22:08:26,Temperatura,26.625779422492347
126,11/02/21 22:08:27,Temperatura,28.274604514395918
127,11/02/21 22:08:29,Temperatura,43.17822329271477
128,11/02/21 22:08:30,Temperatura,29.277144159004383
129,11/02/21 22:08:31,Temperatura,37.01562893815662
130,11/02/21 22:08:32,Temperatura,31.637102737320905
131,11/02/21 22:08:33,Temperatura,25.464452936570247
132,11/02/21 22:08:34,Temperatura,26.80124088195819
133,11/02/21 22:08:35,Temperatura,33.1334582048197
134,11/02/21 22:08:36,Temperatura,31.028244372440806
135,11/02/21 22:08:37,Temperatura,29.863389330598785
136,11/02/21 22:08:38,Temperatura,36.46866201738922
137,11/02/21 22:08:39,Temperatura,32.19249477637135
138,11/02/21 22:08:40,Temperatura,30.0699081712018
139,11/02/21 22:08:42,Temperatura,23.029259223022393
140,11/02/21 22:08:43,Temperatura,28.191491568400142
141,11/02/21 22:08:44,Temperatura,32.13751685274857
142,11/02/21 22:08:45,Temperatura,35.487371381732025
143,11/02/21 22:08:46,Temperatura,36.65244991574099
144,11/02/21 22:08:47,Temperatura,23.983233186390443
145,11/02/21 22:08:48,Temperatura,29.559287764343573
146,11/02/21 22:08:49,Temperatura,29.006716639652264
147,11/02/21 22:08:50,Temperatura,27.921726125175134
148,11/02/21 22:08:51,Temperatura,34.05057453475552
149,11/02/21 22:08:52,Temperatura,28.118117049633792
150,11/02/21 22:08:53,Temperatura,26.20627003645209
151,11/02/21 22:08:54,Temperatura,41.178363399167765
152,11/02/21 22:08:56,Temperatura,38.94343014876265
153,11/02/21 22:08:57,Temperatura,32.953717613248806
154,11/02/21 22:08:58,Temperatura,24.362549581624002
155,11/02/21 22:08:59,Temperatura,33.17375605096208
156,11/02/21 22:09:00,Temperatura,33.29217247705715
157,11/02/21 22:09:01,Temperatura,15.873665870151513
158,11/02/21 22:09:02,Temperatura,33.18736066618453
159,11/02/21 22:09:03,Temperatura,27.674417638353997
160,11/02/21 22:09:04,Temperatura,28.64726389013562
161,11/02/21 22:09:05,Temperatura,28.115754410051046
162,11/02/21 22:09:06,Temperatura,29.08419109759957
163,11/02/21 22:09:07,Temperatura,36.752074613050866
164,11/02/21 22:09:08,Temperatura,23.673765959965575
165,11/02/21 22:09:09,Temperatura,33.766078749005906
166,11/02/21 22:09:10,Temperatura,19.883172276715097
167,11/02/21 22:09:12,Temperatura,30.77877851511736
168,11/02/21 22:09:13,Temperatura,39.4685363641631
169,11/02/21 22:09:14,Temperatura,30.85936652173046
170,11/02/21 22:09:15,Temperatura,32.54639340884866
171,11/02/21 22:09:16,Temperatura,23.564251239014244
172,11/02/21 22:09:17,Temperatura,26.580308880948174
173,11/02/21 22:09:18,Temperatura,27.084238399517787
174,11/02/21 22:09:19,Temperatura,25.206285237765687
175,11/02/21 22:09:20,Temperatura,26.264162078497115
176,11/02/21 22:09:21,Temperatura,27.977660616728798
177,11/02/21 22:09:22,Temperatura,42.03553256356916
178,11/02/21 22:09:24,Temperatura,25.648376438891237
179,11/02/21 22:09:25,Temperatura,37.13303336663111
180,11/02/21 22:09:26,Temperatura,18.04221764209237
181,11/02/21 22:09:27,Temperatura,33.38008848431364
182,11/02/21 22:09:28,Temperatura,21.928313109892898
183,11/02/21 22:09:29,Temperatura,25.093845684266864
184,11/02/21 22:09:30,Temperatura,21.510675492793872
185,11/02/21 22:09:31,Temperatura,25.778175583552432
186,11/02/21 22:09:32,Temperatura,26.767388818829538
187,11/02/21 22:09:33,Temperatura,31.375959454762395
188,11/02/21 22:09:34,Temperatura,29.28247581595035
189,11/02/21 22:09:35,Temperatura,27.52906894053589
190,11/02/21 22:09:36,Temperatura,26.82492768912335
191,11/02/21 22:09:37,Temperatura,38.65072082431361
192,11/02/21 22:09:39,Temperatura,34.8988823493757
193,11/02/21 22:09:40,Temperatura,29.04674652065916
194,11/02/21 22:09:41,Temperatura,35.139672927305455
195,11/02/21 22:09:42,Temperatura,30.67844435785798
196,11/02/21 22:09:43,Temperatura,31.527506487552206
197,11/02/21 22:09:44,Temperatura,29.297029336319795
198,11/02/21 22:09:45,Temperatura,25.354152971774532
199,11/02/21 22:09:46,Temperatura,32.25362015466126
200,11/02/21 22:09:47,Temperatura,24.065135254308657
201,11/02/21 22:09:48,Temperatura,24.870538950721244
202,11/02/21 22:09:49,Temperatura,27.427099420801614
203,11/02/21 22:09:51,Temperatura,36.054681942577744
204,11/02/21 22:09:52,Temperatura,28.37384882490525
205,11/02/21 22:09:53,Temperatura,23.95823647132557
206,11/02/21 22:09:54,Temperatura,32.04859688405939
207,11/02/21 22:09:55,Temperatura,27.33094532419508
208,11/02/21 22:09:56,Temperatura,28.02849234737911
209,11/02/21 22:09:57,Temperatura,38.935610566954715
210,11/02/21 22:09:58,Temperatura,30.588659095567785
211,11/02/21 22:10:00,Temperatura,27.402620095993957
212,11/02/21 22:10:01,Temperatura,28.610222560581366
213,11/02/21 22:10:02,Temperatura,19.232495934920234
214,11/02/21 22:10:03,Temperatura,35.39728289134712
215,11/02/21 22:10:04,Temperatura,40.014245806807295
216,11/02/21 22:10:05,Temperatura,42.780392101462894
217,11/02/21 22:10:06,Temperatura,34.54676294138224
218,11/02/21 22:10:07,Temperatura,24.40636298070379
219,11/02/21 22:10:08,Temperatura,24.30189880620439
220,11/02/21 22:10:10,Temperatura,33.22933807906135
221,11/02/21 22:10:11,Temperatura,32.136359133477214
222,11/02/21 22:10:12,Temperatura,37.46645351955682
223,11/02/21 22:10:13,Temperatura,32.928822786329185
224,11/02/21 22:10:14,Temperatura,31.948444958031974
225,11/02/21 22:10:15,Temperatura,36.51045430483821
226,11/02/21 22:10:16,Temperatura,27.996279817939723
227,11/02/21 22:10:17,Temperatura,23.255702409930638
228,11/02/21 22:10:19,Temperatura,32.48753207554675
229,11/02/21 22:10:20,Temperatura,31.571747450035815
230,11/02/21 22:10:21,Temperatura,28.9062276052068
231,11/02/21 22:10:22,Temperatura,28.86934456187807
232,11/02/21 22:10:23,Temperatura,34.21668144606761
233,11/02/21 22:10:24,Temperatura,26.617567754106897
234,11/02/21 22:10:25,Temperatura,27.196275957648396
235,11/02/21 22:10:27,Temperatura,30.350623833739917
236,11/02/21 22:10:28,Temperatura,28.444419878193557
237,11/02/21 22:10:29,Temperatura,24.668015560158757
238,11/02/21 22:10:30,Temperatura,24.1045188272402
239,11/02/21 22:10:31,Temperatura,26.41488560971948
240,11/02/21 22:10:32,Temperatura,23.6137658332679
241,11/02/21 22:10:33,Temperatura,34.72934491624673
242,11/02/21 22:10:34,Temperatura,34.463680213029754
243,11/02/21 22:10:36,Temperatura,31.339865090200593
244,11/02/21 22:10:37,Temperatura,34.66102947999518
245,11/02/21 22:10:38,Temperatura,30.99220931673085
246,11/02/21 22:10:39,Temperatura,28.775786779552373
247,11/02/21 22:10:40,Temperatura,26.91367206920237
248,11/02/21 22:10:41,Temperatura,33.32249889411627
249,11/02/21 22:10:42,Temperatura,28.957457503751208
250,11/02/21 22:10:43,Temperatura,38.24897525184241
251,11/02/21 22:10:44,Temperatura,24.943300667395956
252,11/02/21 22:10:45,Temperatura,30.15619067270828
253,11/02/21 22:10:46,Temperatura,29.107877143949757
254,11/02/21 22:10:48,Temperatura,28.01394572972439
255,11/02/21 22:10:49,Temperatura,33.566222006435844
256,11/02/21 22:10:50,Temperatura,30.470641572269276
257,11/02/21 22:10:51,Temperatura,40.965011038854286
258,11/02/21 22:10:52,Temperatura,29.29052076396056
259,11/02/21 22:10:53,Temperatura,32.40858174470737
260,11/02/21 22:10:54,Temperatura,39.51825776970562
261,11/02/21 22:10:55,Temperatura,24.864732471804533
262,11/02/21 22:10:56,Temperatura,33.45932497058147
263,11/02/21 22:10:57,Temperatura,33.25295878352304
264,11/02/21 22:10:59,Temperatura,31.4864311647358
265,11/02/21 22:11:00,Temperatura,33.01670342430948
266,11/02/21 22:11:01,Temperatura,34.070474862344234
267,11/02/21 22:11:02,Temperatura,31.069388194192566
268,11/02/21 22:11:03,Temperatura,28.18483115290122
269,11/02/21 22:11:04,Temperatura,31.617207151774206
270,11/02/21 22:11:05,Temperatura,35.05543993513627
271,11/02/21 22:11:07,Temperatura,30.540082074273283
272,11/02/21 22:11:08,Temperatura,37.21012607428247
273,11/02/21 22:11:09,Temperatura,31.66013773054801
274,11/02/21 22:11:10,Temperatura,27.34072745238006
275,11/02/21 22:11:11,Temperatura,31.80235266092095
276,11/02/21 22:11:12,Temperatura,31.396457593374276
277,11/02/21 22:11:13,Temperatura,22.444934113829113
278,11/02/21 22:11:14,Temperatura,32.02283880023406
279,11/02/21 22:11:16,Temperatura,15.331831935183892
280,11/02/21 22:11:17,Temperatura,36.24959226749307
281,11/02/21 22:11:18,Temperatura,40.733001176428914
282,11/02/21 22:11:19,Temperatura,23.492470963356798
283,11/02/21 22:11:20,Temperatura,34.95775218898191
284,11/02/21 22:11:21,Temperatura,23.38154780086237
285,11/02/21 22:11:22,Temperatura,28.030379837535214
286,11/02/21 22:11:24,Temperatura,27.959269894763786
287,11/02/21 22:11:25,Temperatura,27.86312811361126
288,11/02/21 22:11:26,Temperatura,37.02517127704814
289,11/02/21 22:11:27,Temperatura,30.642358832764675
290,11/02/21 22:11:29,Temperatura,29.9373427914277
291,11/02/21 22:11:30,Temperatura,34.103008331488326
292,11/02/21 22:11:31,Temperatura,33.694081524667475
293,11/02/21 22:11:32,Temperatura,39.66415714764085
294,11/02/21 22:11:33,Temperatura,35.90596795432732
295,11/02/21 22:11:34,Temperatura,22.165568039185786
296,11/02/21 22:11:35,Temperatura,36.17552999577618
297,11/02/21 22:11:37,Temperatura,27.492627720849942
298,11/02/21 22:11:38,Temperatura,24.567826990880427
299,11/02/21 22:11:39,Temperatura,29.90023588254962
300,11/02/21 22:11:40,Temperatura,31.162904293978876
301,11/02/21 22:11:41,Temperatura,28.826010384190386
302,11/02/21 22:11:42,Temperatura,36.7765207953173
303,11/02/21 22:11:43,Temperatura,29.252719257123893
304,11/02/21 22:11:45,Temperatura,29.30856512803442
305,11/02/21 22:11:46,Temperatura,31.683137064912177
306,11/02/21 22:11:47,Temperatura,18.881020697274856
307,11/02/21 22:11:48,Temperatura,29.54839131455526
308,11/02/21 22:11:49,Temperatura,32.04651877928841
309,11/02/21 22:11:50,Temperatura,19.99889049581892
310,11/02/21 22:11:51,Temperatura,22.61734437572906
311,11/02/21 22:11:52,Temperatura,23.85872936360249
312,11/02/21 22:11:54,Temperatura,28.183068625203248
313,11/02/21 22:11:55,Temperatura,41.00155168410484
314,11/02/21 22:11:56,Temperatura,23.389782386602644
315,11/02/21 22:11:57,Temperatura,35.21073819403466
316,11/02/21 22:11:58,Temperatura,34.52443923578945
317,11/02/21 22:11:59,Temperatura,25.369402197130697
318,11/02/21 22:12:00,Temperatura,34.6553852981581
319,11/02/21 22:12:01,Temperatura,29.83885571135023
320,11/02/21 22:12:02,Temperatura,29.893703688205623
321,11/02/21 22:12:04,Temperatura,32.172631426255236
322,11/02/21 22:12:05,Temperatura,33.976906350997936
323,11/02/21 22:12:06,Temperatura,31.487025734678596
324,11/02/21 22:12:07,Temperatura,38.63014933852001
325,11/02/21 22:12:08,Temperatura,30.34978851217793
326,11/02/21 22:12:09,Temperatura,21.513515033752572
327,11/02/21 22:12:10,Temperatura,29.21426380487302
328,11/02/21 22:12:11,Temperatura,29.963710260475427
329,11/02/21 22:12:13,Temperatura,36.97675164644988
330,11/02/21 22:12:14,Temperatura,34.63566433550643
331,11/02/21 22:12:15,Temperatura,35.313750460441824
332,11/02/21 22:12:16,Temperatura,24.561637680565372
333,11/02/21 22:12:17,Temperatura,40.69533938948986
334,11/02/21 22:12:18,Temperatura,24.396990592139005
335,11/02/21 22:12:19,Temperatura,34.01154464614428
336,11/02/21 22:12:20,Temperatura,31.45464059437766
337,11/02/21 22:12:22,Temperatura,31.497194927155224
338,11/02/21 22:12:23,Temperatura,22.273855512341342
339,11/02/21 22:12:24,Temperatura,28.271712688851284
340,11/02/21 22:12:25,Temperatura,28.04101968775295
341,11/02/21 22:12:26,Temperatura,23.551892734130107
342,11/02/21 22:12:27,Temperatura,27.334731753911484
343,11/02/21 22:12:28,Temperatura,34.67309969239895
344,11/02/21 22:12:30,Temperatura,33.79130859529998
345,11/02/21 22:12:31,Temperatura,23.59312332261903
346,11/02/21 22:12:32,Temperatura,31.66033124335635
347,11/02/21 22:12:33,Temperatura,36.38283075650222
348,11/02/21 22:12:34,Temperatura,24.121542932317013
349,11/02/21 22:12:36,Temperatura,30.42410347786121
350,11/02/21 22:12:37,Temperatura,36.66100307224704
351,11/02/21 22:12:38,Temperatura,33.18073156787148
352,11/02/21 22:12:39,Temperatura,35.80742547215315
353,11/02/21 22:12:40,Temperatura,34.0831799636583
354,11/02/21 22:12:41,Temperatura,33.81579846160751
355,11/02/21 22:12:42,Temperatura,30.608618989139096
356,11/02/21 22:12:43,Temperatura,30.006614453096866
357,11/02/21 22:12:44,Temperatura,37.40819852011833
358,11/02/21 22:12:45,Temperatura,37.66190329621041
359,11/02/21 22:12:47,Temperatura,25.77178968429226
360,11/02/21 22:12:48,Temperatura,24.10845282931684
361,11/02/21 22:12:49,Temperatura,27.76616132461796
362,11/02/21 22:12:50,Temperatura,28.565961206687046
363,11/02/21 22:12:51,Temperatura,42.88069716017027
364,11/02/21 22:12:52,Temperatura,29.536792931904362
365,11/02/21 22:12:53,Temperatura,28.361710703256815
366,11/02/21 22:12:54,Temperatura,39.23451302764353
367,11/02/21 22:12:55,Temperatura,35.03862366218918
368,11/02/21 22:12:56,Temperatura,30.66064556712462
369,11/02/21 22:12:57,Temperatura,32.5766711568058
370,11/02/21 22:12:58,Temperatura,25.819455147004476
371,11/02/21 22:12:59,Temperatura,33.02455716776485
372,11/02/21 22:13:01,Temperatura,30.198020917249675
373,11/02/21 22:13:02,Temperatura,32.14556448912521
374,11/02/21 22:13:03,Temperatura,35.877332995748965
375,11/02/21 22:13:04,Temperatura,32.61686090494615
376,11/02/21 22:13:05,Temperatura,29.739070443126185
377,11/02/21 22:13:06,Temperatura,32.30767608467595
378,11/02/21 22:13:07,Temperatura,32.588386289637306
379,11/02/21 22:13:08,Temperatura,25.856838565434646
380,11/02/21 22:13:09,Temperatura,33.64053768327631
381,11/02/21 22:13:11,Temperatura,27.869500468612188
382,11/02/21 22:13:12,Temperatura,18.973004024062234
383,11/02/21 22:13:13,Temperatura,24.395542574330026
384,11/02/21 22:13:14,Temperatura,35.74567730964392
385,11/02/21 22:13:15,Temperatura,25.443628982979032
386,11/02/21 22:13:17,Temperatura,35.81915646957816
387,11/02/21 22:13:18,Temperatura,27.57606973561738
388,11/02/21 22:13:19,Temperatura,34.57495639370349
389,11/02/21 22:13:20,Temperatura,28.77263970703771
390,11/02/21 22:13:21,Temperatura,30.53776593474725
391,11/02/21 22:13:22,Temperatura,21.840871830687533
392,11/02/21 22:13:23,Temperatura,28.12663612422298
393,11/02/21 22:13:24,Temperatura,33.321170792414186
394,11/02/21 22:13:25,Temperatura,30.999568950628202
395,11/02/21 22:13:27,Temperatura,33.61467908323525
396,11/02/21 22:13:28,Temperatura,42.64215980476055
397,11/02/21 22:13:29,Temperatura,30.532199562072098
398,11/02/21 22:13:30,Temperatura,17.429186469895576
399,11/02/21 22:13:31,Temperatura,30.97756929719843
400,11/02/21 22:13:32,Temperatura,26.87017300219056
401,11/02/21 22:13:33,Temperatura,32.48334501620851
402,11/02/21 22:13:34,Temperatura,30.338372596168487
403,11/02/21 22:13:35,Temperatura,30.699838726921442
404,11/02/21 22:13:36,Temperatura,39.38049084430641
405,11/02/21 22:13:38,Temperatura,28.625510737809137
406,11/02/21 22:13:39,Temperatura,36.26266507548778
407,11/02/21 22:13:41,Temperatura,28.984848738792238
408,11/02/21 22:13:43,Temperatura,29.783409603836354
409,11/02/21 22:13:45,Temperatura,26.1225509699651
410,11/02/21 22:13:47,Temperatura,40.87269108822079
411,11/02/21 22:13:48,Temperatura,32.90868979463022
412,11/02/21 22:13:49,Temperatura,22.94522173608861
413,11/02/21 22:13:51,Temperatura,28.2452836996283
414,11/02/21 22:13:52,Temperatura,32.22511620738691
415,11/02/21 22:13:53,Temperatura,31.752808852299616
416,11/02/21 22:13:54,Temperatura,33.86532921942315
417,11/02/21 22:13:55,Temperatura,27.37284432283941
418,11/02/21 22:13:56,Temperatura,32.73678941809608
419,11/02/21 22:13:57,Temperatura,30.233753458469753
420,11/02/21 22:13:59,Temperatura,31.39521942870694
421,11/02/21 22:14:00,Temperatura,27.54672844177724
422,11/02/21 22:14:01,Temperatura,34.04237166238106
423,11/02/21 22:14:02,Temperatura,18.60251319731072
424,11/02/21 22:14:03,Temperatura,27.187096663188544
425,11/02/21 22:14:04,Temperatura,35.50510628748158
426,11/02/21 22:14:05,Temperatura,27.875000843273874
427,11/02/21 22:14:07,Temperatura,19.82369400240472
428,11/02/21 22:14:08,Temperatura,28.619226372268322
429,11/02/21 22:14:09,Temperatura,26.492659190201216
430,11/02/21 22:14:10,Temperatura,37.69140831893282
431,11/02/21 22:14:11,Temperatura,31.364843062645317
432,11/02/21 22:14:12,Temperatura,32.22151643542305
433,11/02/21 22:14:13,Temperatura,31.497825078526724
434,11/02/21 22:14:14,Temperatura,45.92889463394556
435,11/02/21 22:14:16,Temperatura,39.25254005868327
436,11/02/21 22:14:17,Temperatura,22.82281214900396
437,11/02/21 22:14:18,Temperatura,34.0188964990634
438,11/02/21 22:14:19,Temperatura,24.638116944773696
439,11/02/21 22:14:20,Temperatura,30.953508070970585
440,11/02/21 22:14:21,Temperatura,29.54472663639109
441,11/02/21 22:14:22,Temperatura,21.166278940502444
442,11/02/21 22:14:23,Temperatura,33.84656758471156
443,11/02/21 22:14:25,Temperatura,38.54917734787672
444,11/02/21 22:14:26,Temperatura,27.502789371719146
445,11/02/21 22:14:27,Temperatura,26.616228377908264
446,11/02/21 22:14:28,Temperatura,27.752206323837648
447,11/02/21 22:14:29,Temperatura,32.667756999143656
448,11/02/21 22:14:30,Temperatura,36.936807545813764
449,11/02/21 22:14:31,Temperatura,28.97977215741027
450,11/02/21 22:14:32,Temperatura,21.576335492200343
451,11/02/21 22:14:33,Temperatura,31.703017608486423
452,11/02/21 22:14:35,Temperatura,26.05732441356734
453,11/02/21 22:14:36,Temperatura,20.032662194487656
454,11/02/21 22:14:37,Temperatura,31.86246723854002
455,11/02/21 22:14:38,Temperatura,34.07341427592308
456,11/02/21 22:14:39,Temperatura,25.75849987169435
457,11/02/21 22:14:40,Temperatura,27.586727546779983
458,11/02/21 22:14:42,Temperatura,38.234032635883054
459,11/02/21 22:14:43,Temperatura,30.750800460437233
460,11/02/21 22:14:44,Temperatura,31.555843230966833
461,11/02/21 22:14:45,Temperatura,27.32496090447416
462,11/02/21 22:14:46,Temperatura,21.213822627453077
463,11/02/21 22:14:47,Temperatura,27.531696231474108
464,11/02/21 22:14:48,Temperatura,30.563534577543
465,11/02/21 22:14:49,Temperatura,16.707331878390622
466,11/02/21 22:14:51,Temperatura,30.619320569026716
467,11/02/21 22:14:52,Temperatura,27.088705587696353
468,11/02/21 22:14:53,Temperatura,41.069743996055
469,11/02/21 22:14:54,Temperatura,24.993167088288047
470,11/02/21 22:14:55,Temperatura,28.561796390369953
471,11/02/21 22:14:56,Temperatura,31.26343883382815
472,11/02/21 22:14:58,Temperatura,29.10920268426701
473,11/02/21 22:14:59,Temperatura,37.32099667275467
474,11/02/21 22:15:00,Temperatura,31.33133463678354
475,11/02/21 22:15:01,Temperatura,31.32947298979395
476,11/02/21 22:15:02,Temperatura,28.79166896290848
477,11/02/21 22:15:03,Temperatura,23.86293474828023
478,11/02/21 22:15:04,Temperatura,34.40957882974874
479,11/02/21 22:15:06,Temperatura,26.28051144532815
480,11/02/21 22:15:07,Temperatura,30.248835790644254
481,11/02/21 22:15:08,Temperatura,33.28600495120396
482,11/02/21 22:15:09,Temperatura,27.829744888560953
483,11/02/21 22:15:10,Temperatura,32.75615032779595
484,11/02/21 22:15:11,Temperatura,34.107861945720614
485,11/02/21 22:15:12,Temperatura,24.00707093460059
486,11/02/21 22:15:13,Temperatura,25.7619016298788
487,11/02/21 22:15:15,Temperatura,33.92954023569797
488,11/02/21 22:15:16,Temperatura,33.59230083456481
489,11/02/21 22:15:17,Temperatura,31.67785999643553
490,11/02/21 22:15:18,Temperatura,33.26953881790865
491,11/02/21 22:15:19,Temperatura,35.40647950808069
492,11/02/21 22:15:20,Temperatura,21.869128870491718
493,11/02/21 22:15:21,Temperatura,25.744346429591538
494,11/02/21 22:15:22,Temperatura,35.174378049124606
495,11/02/21 22:15:23,Temperatura,27.941569910528806
496,11/02/21 22:15:25,Temperatura,31.521405588045013
497,11/02/21 22:15:26,Temperatura,33.18484620851235
498,11/02/21 22:15:27,Temperatura,27.93905866085013
499,11/02/21 22:15:28,Temperatura,30.042807791996704
500,11/02/21 22:15:29,Temperatura,31.812704507261863
501,11/02/21 22:15:30,Temperatura,28.487125148059754
502,11/02/21 22:15:32,Temperatura,24.514413385818674
503,11/02/21 22:15:33,Temperatura,31.695494700961508
504,11/02/21 22:15:34,Temperatura,34.297168082399445
505,11/02/21 22:15:36,Temperatura,39.373455843161814
506,11/02/21 22:15:37,Temperatura,30.35836261505366
507,11/02/21 22:15:38,Temperatura,26.67686017809539
508,11/02/21 22:15:39,Temperatura,22.624124915789196
509,11/02/21 22:15:40,Temperatura,25.713503074059787
510,11/02/21 22:15:41,Temperatura,24.76764063954
511,11/02/21 22:15:42,Temperatura,39.52612054375035
512,11/02/21 22:15:44,Temperatura,30.872408369820118
513,11/02/21 22:15:45,Temperatura,34.41341691598216
514,11/02/21 22:15:46,Temperatura,31.23004103866537
515,11/02/21 22:15:48,Temperatura,34.457973992876866
516,11/02/21 22:15:49,Temperatura,23.409835118938126
517,11/02/21 22:15:50,Temperatura,29.697279567255293
518,11/02/21 22:15:51,Temperatura,25.223653696748094
519,11/02/21 22:15:52,Temperatura,24.74346001033963
520,11/02/21 22:15:53,Temperatura,35.58934289784475
521,11/02/21 22:15:55,Temperatura,26.222575143033843
522,11/02/21 22:15:56,Temperatura,30.396836072224733
523,11/02/21 22:15:57,Temperatura,29.232116718015895
524,11/02/21 22:15:58,Temperatura,20.81641689530025
525,11/02/21 22:15:59,Temperatura,26.96229458235548
526,11/02/21 22:16:00,Temperatura,27.55324225997187
527,11/02/21 22:16:02,Temperatura,34.909998504611835
528,11/02/21 22:16:03,Temperatura,21.501433444024784
529,11/02/21 22:16:04,Temperatura,33.89949818842785
530,11/02/21 22:16:05,Temperatura,33.65222156354105
531,11/02/21 22:16:06,Temperatura,25.485828278065377
532,11/02/21 22:16:07,Temperatura,21.363956891523216
533,11/02/21 22:16:08,Temperatura,38.46275754042385
534,11/02/21 22:16:10,Temperatura,24.380379118516533
535,11/02/21 22:16:11,Temperatura,32.31881003677359
536,11/02/21 22:16:12,Temperatura,30.802836999449045
537,11/02/21 22:16:13,Temperatura,25.40553895607932
538,11/02/21 22:16:14,Temperatura,41.403725415539796
539,11/02/21 22:16:15,Temperatura,28.95398851695214
540,11/02/21 22:16:16,Temperatura,29.12981486188203
541,11/02/21 22:16:17,Temperatura,36.87934736549726
542,11/02/21 22:16:18,Temperatura,27.761893457310777
543,11/02/21 22:16:20,Temperatura,19.53959373671164
544,11/02/21 22:16:21,Temperatura,30.527789918814005
545,11/02/21 22:16:22,Temperatura,29.392243414737937
546,11/02/21 22:16:23,Temperatura,34.178802125299995
547,11/02/21 22:16:24,Temperatura,24.923065453129745
548,11/02/21 22:16:25,Temperatura,24.463203462778075
549,11/02/21 22:16:26,Temperatura,27.375513363989196
550,11/02/21 22:16:28,Temperatura,31.92002800033868
551,11/02/21 22:16:29,Temperatura,36.18734979432736
552,11/02/21 22:16:30,Temperatura,30.014249156511024
553,11/02/21 22:16:31,Temperatura,38.156302054096614
554,11/02/21 22:16:32,Temperatura,25.518204197140694
555,11/02/21 22:16:33,Temperatura,28.687622411558923
556,11/02/21 22:16:34,Temperatura,24.881119362788187
557,11/02/21 22:16:35,Temperatura,28.08667396070911
558,11/02/21 22:16:36,Temperatura,25.68561058630263
559,11/02/21 22:16:38,Temperatura,34.69108004508519
560,11/02/21 22:16:39,Temperatura,39.669709433740934
561,11/02/21 22:16:40,Temperatura,28.03737327305563
562,11/02/21 22:16:41,Temperatura,24.938011708533697
563,11/02/21 22:16:42,Temperatura,36.49975951357857
564,11/02/21 22:16:43,Temperatura,31.16637935589541
565,11/02/21 22:16:44,Temperatura,34.50132101689233
566,11/02/21 22:16:45,Temperatura,30.66518089369463
567,11/02/21 22:16:47,Temperatura,25.07960265655995
568,11/02/21 22:16:48,Temperatura,32.29459888596256
569,11/02/21 22:16:49,Temperatura,30.964978126751433
570,11/02/21 22:16:50,Temperatura,35.076038934291674
571,11/02/21 22:16:51,Temperatura,28.722049578827505
572,11/02/21 22:16:52,Temperatura,31.0643717034326
573,11/02/21 22:16:53,Temperatura,37.09079880941343
574,11/02/21 22:16:54,Temperatura,30.896843365231028
575,11/02/21 22:16:56,Temperatura,39.788107792549255
576,11/02/21 22:16:57,Temperatura,38.91159987964255
577,11/02/21 22:16:58,Temperatura,25.863473618506767
578,11/02/21 22:16:59,Temperatura,33.77925277945441
579,11/02/21 22:17:00,Temperatura,20.506695833011918
580,11/02/21 22:17:01,Temperatura,30.853062640074157
581,11/02/21 22:17:02,Temperatura,29.37145106729535
582,11/02/21 22:17:03,Temperatura,24.474112829611922
583,11/02/21 22:17:04,Temperatura,30.090906834328575
584,11/02/21 22:17:05,Temperatura,31.675678061965563
585,11/02/21 22:17:07,Temperatura,34.055418707657374
586,11/02/21 22:17:08,Temperatura,32.34317542079418
587,11/02/21 22:17:09,Temperatura,35.74823070212912
588,11/02/21 22:17:10,Temperatura,27.882089516473673
589,11/02/21 22:17:11,Temperatura,31.619333412073544
590,11/02/21 22:17:12,Temperatura,26.76746102548472
591,11/02/21 22:17:13,Temperatura,35.39611859384297
592,11/02/21 22:17:14,Temperatura,34.11958969560712
593,11/02/21 22:17:15,Temperatura,31.49710833036997
594,11/02/21 22:17:17,Temperatura,27.212698639085097
595,11/02/21 22:17:18,Temperatura,25.632569886691492
596,11/02/21 22:17:19,Temperatura,38.1407892632822
597,11/02/21 22:17:20,Temperatura,34.102977487979125
598,11/02/21 22:17:21,Temperatura,31.961855179883763
599,11/02/21 22:17:22,Temperatura,25.82173753352836
600,11/02/21 22:17:23,Temperatura,28.34773016888209
601,11/02/21 22:17:25,Temperatura,31.290062633550065
602,11/02/21 22:17:26,Temperatura,34.69187040970834
603,11/02/21 22:17:27,Temperatura,22.079856371133886
604,11/02/21 22:17:28,Temperatura,31.286363326111633
605,11/02/21 22:17:29,Temperatura,28.286154249104676
606,11/02/21 22:17:30,Temperatura,29.81771056725452
607,11/02/21 22:17:31,Temperatura,28.15306758722409
608,11/02/21 22:17:32,Temperatura,38.83305808938461
609,11/02/21 22:17:33,Temperatura,27.515650837787774
610,11/02/21 22:17:35,Temperatura,30.05381393459096
611,11/02/21 22:17:36,Temperatura,32.619677215424204
612,11/02/21 22:17:37,Temperatura,29.300531559904663
613,11/02/21 22:17:38,Temperatura,24.939967368558055
614,11/02/21 22:17:39,Temperatura,29.872742804274015
615,11/02/21 22:17:40,Temperatura,31.422003667821937
616,11/02/21 22:17:41,Temperatura,31.14024236924888
617,11/02/21 22:17:42,Temperatura,21.5728202501761
618,11/02/21 22:17:43,Temperatura,31.96158847233333
619,11/02/21 22:17:44,Temperatura,30.497607005029135
620,11/02/21 22:17:46,Temperatura,35.78058961350733
621,11/02/21 22:17:47,Temperatura,34.03078364001501
622,11/02/21 22:17:48,Temperatura,33.747832339610824
623,11/02/21 22:17:49,Temperatura,28.589771825599133
624,11/02/21 22:17:50,Temperatura,35.64197864792827
625,11/02/21 22:17:51,Temperatura,29.156229335239235
626,11/02/21 22:17:52,Temperatura,28.87753369696314
627,11/02/21 22:17:53,Temperatura,30.171354284209944
628,11/02/21 22:17:54,Temperatura,23.82511576557323
629,11/02/21 22:17:55,Temperatura,29.385523387692686
630,11/02/21 22:17:56,Temperatura,37.99358625199191
631,11/02/21 22:17:57,Temperatura,34.61979319663988
632,11/02/21 22:17:59,Temperatura,29.94129442069327
633,11/02/21 22:18:00,Temperatura,24.463769715302476
634,11/02/21 22:18:01,Temperatura,24.38062698988429
635,11/02/21 22:18:02,Temperatura,26.410603179374476
636,11/02/21 22:18:03,Temperatura,27.311599484027106
637,11/02/21 22:18:04,Temperatura,31.06830873067552
638,11/02/21 22:18:05,Temperatura,26.219844107885194
639,11/02/21 22:18:06,Temperatura,29.001278943857773
640,11/02/21 22:18:07,Temperatura,32.39098182701278
641,11/02/21 22:18:08,Temperatura,35.83932937677396
642,11/02/21 22:18:09,Temperatura,38.02562788232285
643,11/02/21 22:18:11,Temperatura,26.979713545087236
644,11/02/21 22:18:12,Temperatura,30.199465728125766
645,11/02/21 22:18:13,Temperatura,22.203906241156197
646,11/02/21 22:18:14,Temperatura,31.621981724610066
647,11/02/21 22:18:15,Temperatura,18.98508705136249
648,11/02/21 22:18:16,Temperatura,32.807409650070305
649,11/02/21 22:18:17,Temperatura,37.084744032009944
650,11/02/21 22:18:18,Temperatura,35.735523166998696
651,11/02/21 22:18:19,Temperatura,38.446300229184835
652,11/02/21 22:18:21,Temperatura,28.81350747152669
653,11/02/21 22:18:22,Temperatura,29.01377679738226
654,11/02/21 22:18:23,Temperatura,34.19155127856697
655,11/02/21 22:18:24,Temperatura,35.26155314978953
656,11/02/21 22:18:25,Temperatura,29.394952045802533
657,11/02/21 22:18:26,Temperatura,27.09044478519721
658,11/02/21 22:18:27,Temperatura,32.83479167120239
659,11/02/21 22:18:28,Temperatura,37.45052823977255
660,11/02/21 22:18:29,Temperatura,28.573627322057273
661,11/02/21 22:18:31,Temperatura,28.6504961543922
662,11/02/21 22:18:32,Temperatura,34.21232184724451
663,11/02/21 22:18:33,Temperatura,25.64378556873329
664,11/02/21 22:18:34,Temperatura,32.65845129373661
665,11/02/21 22:18:35,Temperatura,32.4224236666875
666,11/02/21 22:18:36,Temperatura,23.296526667227923
667,11/02/21 22:18:37,Temperatura,29.573740327552546
668,11/02/21 22:18:38,Temperatura,34.9078371916591
669,11/02/21 22:18:39,Temperatura,27.415766950063965
670,11/02/21 22:18:40,Temperatura,25.276675437081046
671,11/02/21 22:18:42,Temperatura,41.358136692990215
672,11/02/21 22:18:43,Temperatura,29.533040838455225
673,11/02/21 22:18:44,Temperatura,34.53929328927923
674,11/02/21 22:18:45,Temperatura,32.642282403256
675,11/02/21 22:18:46,Temperatura,30.461767397398344
676,11/02/21 22:18:47,Temperatura,32.52720819980029
677,11/02/21 22:18:48,Temperatura,33.143532813658894
678,11/02/21 22:18:49,Temperatura,20.250331919803557
679,11/02/21 22:18:50,Temperatura,26.929878150854073
680,11/02/21 22:18:51,Temperatura,37.00889147294471
681,11/02/21 22:18:52,Temperatura,35.96111643940551
682,11/02/21 22:18:53,Temperatura,29.589076191626653
683,11/02/21 22:18:55,Temperatura,27.587144976432764
684,11/02/21 22:18:56,Temperatura,35.55403132916275
685,11/02/21 22:18:57,Temperatura,36.89331908662335
686,11/02/21 22:18:58,Temperatura,26.51648451533963
687,11/02/21 22:18:59,Temperatura,24.68345615117973
688,11/02/21 22:19:00,Temperatura,26.333148095495307
689,11/02/21 22:19:01,Temperatura,20.134876945203196
690,11/02/21 22:19:02,Temperatura,35.979900613260156
691,11/02/21 22:19:03,Temperatura,25.33679600512209
692,11/02/21 22:19:04,Temperatura,31.092228474645655
693,11/02/21 22:19:06,Temperatura,18.83502402255555
694,11/02/21 22:19:07,Temperatura,21.56069455946489
695,11/02/21 22:19:08,Temperatura,24.544223682845548
696,11/02/21 22:19:09,Temperatura,43.49551770261308
697,11/02/21 22:19:10,Temperatura,31.084074870110868
698,11/02/21 22:19:11,Temperatura,32.463743198000984
699,11/02/21 22:19:12,Temperatura,30.458875074682748
700,11/02/21 22:19:13,Temperatura,35.760007622918344
701,11/02/21 22:19:15,Temperatura,23.04470993334258
702,11/02/21 22:19:16,Temperatura,26.931889275770878
703,11/02/21 22:19:17,Temperatura,32.14886349448072
704,11/02/21 22:19:19,Temperatura,40.711159180985526
705,11/02/21 22:19:20,Temperatura,34.04573663186346
706,11/02/21 22:19:21,Temperatura,33.58301271071568
707,11/02/21 22:19:22,Temperatura,23.095082397013787
708,11/02/21 22:19:23,Temperatura,32.95867750095435
709,11/02/21 22:19:24,Temperatura,32.3543052378501
710,11/02/21 22:19:25,Temperatura,28.05250771279384
711,11/02/21 22:19:27,Temperatura,31.67160542915058
712,11/02/21 22:19:28,Temperatura,31.22408111118832
713,11/02/21 22:19:29,Temperatura,28.912418329917436
714,11/02/21 22:19:30,Temperatura,29.080778930251107
715,11/02/21 22:19:31,Temperatura,21.720356869562195
716,11/02/21 22:19:33,Temperatura,28.68552923881793
717,11/02/21 22:19:34,Temperatura,22.24259703054173
718,11/02/21 22:19:35,Temperatura,27.54495711833852
719,11/02/21 22:19:36,Temperatura,37.09254087268674
720,11/02/21 22:19:37,Temperatura,27.605911515367232
721,11/02/21 22:19:38,Temperatura,29.732997525609573
722,11/02/21 22:19:39,Temperatura,34.08391387267382
723,11/02/21 22:19:40,Temperatura,36.72600824043465
724,11/02/21 22:19:41,Temperatura,22.33293144447868
725,11/02/21 22:19:42,Temperatura,34.55804198773987
726,11/02/21 22:19:43,Temperatura,29.811578131158885
727,11/02/21 22:19:44,Temperatura,32.70226460994809
728,11/02/21 22:19:46,Temperatura,30.745222525138594
729,11/02/21 22:19:47,Temperatura,31.424079418127224
730,11/02/21 22:19:48,Temperatura,33.591712425646634
731,11/02/21 22:19:49,Temperatura,33.2700023558293
732,11/02/21 22:19:50,Temperatura,33.7137685628472
733,11/02/21 22:19:51,Temperatura,31.7904186922609
734,11/02/21 22:19:52,Temperatura,33.87817348885536
735,11/02/21 22:19:53,Temperatura,32.51922400783374
736,11/02/21 22:19:55,Temperatura,31.577404540930605
737,11/02/21 22:19:56,Temperatura,24.452771637839554
738,11/02/21 22:19:57,Temperatura,37.529263580740256
739,11/02/21 22:19:58,Temperatura,32.072682725467835
740,11/02/21 22:19:59,Temperatura,27.998357100304027
741,11/02/21 22:20:00,Temperatura,29.092496846395694
742,11/02/21 22:20:01,Temperatura,38.803441833383886
743,11/02/21 22:20:02,Temperatura,30.583407204098283
744,11/02/21 22:20:03,Temperatura,25.635006872810152
745,11/02/21 22:20:04,Temperatura,28.72676141565943
746,11/02/21 22:20:05,Temperatura,31.77951266515011
747,11/02/21 22:20:07,Temperatura,32.73007795139954
748,11/02/21 22:20:08,Temperatura,25.98415278800325
749,11/02/21 22:20:09,Temperatura,35.24376476036556
750,11/02/21 22:20:10,Temperatura,23.88059642172446
751,11/02/21 22:20:11,Temperatura,36.839595695332754
752,11/02/21 22:20:12,Temperatura,26.292288363021658
753,11/02/21 22:20:13,Temperatura,31.836111812447378
754,11/02/21 22:20:14,Temperatura,22.712497521314702
755,11/02/21 22:20:15,Temperatura,27.202528123316085
756,11/02/21 22:20:16,Temperatura,26.679473493510436
757,11/02/21 22:20:17,Temperatura,31.541773567423597
758,11/02/21 22:20:18,Temperatura,27.616041700904898
759,11/02/21 22:20:19,Temperatura,24.635579399342376
760,11/02/21 22:20:21,Temperatura,31.813811747643726
761,11/02/21 22:20:22,Temperatura,27.895645362995477
762,11/02/21 22:20:23,Temperatura,31.192663358916576
763,11/02/21 22:20:24,Temperatura,41.01561126105433
764,11/02/21 22:20:25,Temperatura,22.574365365703684
765,11/02/21 22:20:26,Temperatura,37.24916531949768
766,11/02/21 22:20:27,Temperatura,30.45165734549352
767,11/02/21 22:20:28,Temperatura,41.95182838862785
768,11/02/21 22:20:29,Temperatura,31.9240988727103
769,11/02/21 22:20:30,Temperatura,28.080196722785615
770,11/02/21 22:20:31,Temperatura,14.022515111665548
771,11/02/21 22:20:32,Temperatura,33.74207575309197
772,11/02/21 22:20:33,Temperatura,34.6538993454559
773,11/02/21 22:20:35,Temperatura,40.708968052415216
774,11/02/21 22:20:36,Temperatura,28.92591304761626
775,11/02/21 22:20:37,Temperatura,30.706235081581042
776,11/02/21 22:20:38,Temperatura,29.38209810137466
777,11/02/21 22:20:39,Temperatura,39.987669871254354
778,11/02/21 22:20:40,Temperatura,34.56117629069993
779,11/02/21 22:20:41,Temperatura,23.872307726897496
780,11/02/21 22:20:42,Temperatura,29.579233882800377
781,11/02/21 22:20:43,Temperatura,28.727178014075328
782,11/02/21 22:20:44,Temperatura,27.546368147541198
783,11/02/21 22:20:45,Temperatura,29.041462446495622
784,11/02/21 22:20:47,Temperatura,37.976282115217685
785,11/02/21 22:20:48,Temperatura,20.055214819160167
786,11/02/21 22:20:49,Temperatura,28.71848320915288
787,11/02/21 22:20:50,Temperatura,32.88731634373992
788,11/02/21 22:20:51,Temperatura,29.227374028119396
789,11/02/21 22:20:52,Temperatura,25.811787524361876
790,11/02/21 22:20:53,Temperatura,30.565041332346503
791,11/02/21 22:20:54,Temperatura,25.17893238548664
792,11/02/21 22:20:55,Temperatura,26.01769761144068
793,11/02/21 22:20:57,Temperatura,25.631232631131365
794,11/02/21 22:20:58,Temperatura,31.257067175038518
795,11/02/21 22:20:59,Temperatura,36.33429415350915
796,11/02/21 22:21:00,Temperatura,30.255963180509955
797,11/02/21 22:21:01,Temperatura,39.178295740779525
798,11/02/21 22:21:02,Temperatura,27.21003818780151
799,11/02/21 22:21:03,Temperatura,33.030167553568
800,11/02/21 22:21:04,Temperatura,31.16453910947951
801,11/02/21 22:21:05,Temperatura,28.46693835899551
802,11/02/21 22:21:07,Temperatura,19.92186673162295
803,11/02/21 22:21:08,Temperatura,32.46862652753532
804,11/02/21 22:21:09,Temperatura,33.014478189605086
805,11/02/21 22:21:10,Temperatura,28.561531776789423
806,11/02/21 22:21:11,Temperatura,23.855611539299794
807,11/02/21 22:21:12,Temperatura,26.861249522305297
808,11/02/21 22:21:13,Temperatura,25.233585223158734
809,11/02/21 22:21:14,Temperatura,27.88091042119428
810,11/02/21 22:21:15,Temperatura,34.90635111911235
811,11/02/21 22:21:16,Temperatura,38.351124239756544
812,11/02/21 22:21:17,Temperatura,15.249376233095672
813,11/02/21 22:21:19,Temperatura,32.70318580524804
814,11/02/21 22:21:20,Temperatura,37.69653563288506
815,11/02/21 22:21:21,Temperatura,26.37783032332925
816,11/02/21 22:21:22,Temperatura,27.368645849127088
817,11/02/21 22:21:23,Temperatura,33.5402796034714
818,11/02/21 22:21:24,Temperatura,27.99257727289675
819,11/02/21 22:21:25,Temperatura,29.206130887177654
820,11/02/21 22:21:26,Temperatura,31.06355181219966
821,11/02/21 22:21:27,Temperatura,29.723067345019288
822,11/02/21 22:21:28,Temperatura,26.364016572719095
823,11/02/21 22:21:29,Temperatura,28.040893498306165
824,11/02/21 22:21:31,Temperatura,29.816313051215243
825,11/02/21 22:21:32,Temperatura,21.17573463903055
826,11/02/21 22:21:33,Temperatura,30.96866667184615
827,11/02/21 22:21:34,Temperatura,34.08503137947761
828,11/02/21 22:21:35,Temperatura,31.50861216681218
829,11/02/21 22:21:36,Temperatura,40.15861230155464
830,11/02/21 22:21:37,Temperatura,30.407065049256325
831,11/02/21 22:21:38,Temperatura,29.870951557851363
832,11/02/21 22:21:39,Temperatura,30.076963432503064
833,11/02/21 22:21:40,Temperatura,29.242930284599563
834,11/02/21 22:21:41,Temperatura,32.7410234316317
835,11/02/21 22:21:42,Temperatura,26.27402800006895
836,11/02/21 22:21:43,Temperatura,19.60667106330648
837,11/02/21 22:21:45,Temperatura,37.66228001803789
838,11/02/21 22:21:46,Temperatura,28.203182828595555
839,11/02/21 22:21:47,Temperatura,33.292050651515794
840,11/02/21 22:21:48,Temperatura,28.14024932253104
841,11/02/21 22:21:49,Temperatura,30.124683480226253
842,11/02/21 22:21:50,Temperatura,30.13966360130378
843,11/02/21 22:21:51,Temperatura,32.87862728214767
844,11/02/21 22:21:52,Temperatura,31.41462251199512
845,11/02/21 22:21:53,Temperatura,27.807847946898956
846,11/02/21 22:21:54,Temperatura,35.70579348241497
847,11/02/21 22:21:56,Temperatura,27.69239044717313
848,11/02/21 22:21:57,Temperatura,31.927803010715493
849,11/02/21 22:21:58,Temperatura,30.72346696560362
850,11/02/21 22:21:59,Temperatura,26.956132039463167
851,11/02/21 22:22:00,Temperatura,30.299564084502002
852,11/02/21 22:22:02,Temperatura,39.34064478584521
853,11/02/21 22:22:03,Temperatura,32.2257331409778
854,11/02/21 22:22:04,Temperatura,42.064983807892936
855,11/02/21 22:22:05,Temperatura,29.864092547623184
856,11/02/21 22:22:06,Temperatura,36.37525739224044
857,11/02/21 22:22:07,Temperatura,35.66185673258917
858,11/02/21 22:22:08,Temperatura,29.530534833503314
859,11/02/21 22:22:10,Temperatura,34.79653720203748
860,11/02/21 22:22:11,Temperatura,29.87791738107652
861,11/02/21 22:22:12,Temperatura,33.5684204735852
862,11/02/21 22:22:13,Temperatura,30.835371448845994
863,11/02/21 22:22:14,Temperatura,32.65811843140153
864,11/02/21 22:22:15,Temperatura,34.700781904627696
865,11/02/21 22:22:16,Temperatura,35.33548825226437
866,11/02/21 22:22:17,Temperatura,32.357697404086096
867,11/02/21 22:22:19,Temperatura,34.21672382304942
868,11/02/21 22:22:20,Temperatura,21.670137111821454
869,11/02/21 22:22:21,Temperatura,26.246492869366303
870,11/02/21 22:22:22,Temperatura,28.790178683360665
871,11/02/21 22:22:23,Temperatura,40.53647171790824
872,11/02/21 22:22:24,Temperatura,40.424057254797845
873,11/02/21 22:22:25,Temperatura,28.571509746868063
874,11/02/21 22:22:26,Temperatura,22.39901021621629
875,11/02/21 22:22:28,Temperatura,35.56428907928826
876,11/02/21 22:22:29,Temperatura,30.958424999236925
877,11/02/21 22:22:30,Temperatura,35.74948095995169
878,11/02/21 22:22:31,Temperatura,35.85121764302747
879,11/02/21 22:22:32,Temperatura,26.911936856006967
880,11/02/21 22:22:33,Temperatura,28.75172963564851
881,11/02/21 22:22:34,Temperatura,36.98754068989108
882,11/02/21 22:22:35,Temperatura,28.988603662522696
883,11/02/21 22:22:37,Temperatura,33.03721723696935
884,11/02/21 22:22:38,Temperatura,26.060962684708432
885,11/02/21 22:22:39,Temperatura,33.95273239273679
886,11/02/21 22:22:40,Temperatura,31.064496660332207
887,11/02/21 22:22:41,Temperatura,29.125476908329826
888,11/02/21 22:22:42,Temperatura,34.66997971405048
889,11/02/21 22:22:43,Temperatura,29.065859360625506
890,11/02/21 22:22:44,Temperatura,22.97493560557497
891,11/02/21 22:22:45,Temperatura,32.31626361960567
892,11/02/21 22:22:47,Temperatura,33.99289314871638
893,11/02/21 22:22:48,Temperatura,37.758721374344134
894,11/02/21 22:22:49,Temperatura,28.22225370350276
895,11/02/21 22:22:50,Temperatura,30.77923307950114
896,11/02/21 22:22:51,Temperatura,24.90909703429556
897,11/02/21 22:22:52,Temperatura,32.369085227291166
898,11/02/21 22:22:53,Temperatura,34.18511920988427
899,11/02/21 22:22:55,Temperatura,20.89464447501573
900,11/02/21 22:22:56,Temperatura,31.450640694682882
901,11/02/21 22:22:57,Temperatura,33.923131277657355
902,11/02/21 22:22:58,Temperatura,30.303674949668423
903,11/02/21 22:22:59,Temperatura,30.45945444576343
904,11/02/21 22:23:00,Temperatura,28.379353315935578
905,11/02/21 22:23:01,Temperatura,32.860515590773
906,11/02/21 22:23:02,Temperatura,22.95986347446103
907,11/02/21 22:23:04,Temperatura,31.637576649042494
908,11/02/21 22:23:05,Temperatura,32.377797712168224
909,11/02/21 22:23:06,Temperatura,25.693628286931876
910,11/02/21 22:23:07,Temperatura,32.1167523141897
911,11/02/21 22:23:09,Temperatura,22.97031513226949
912,11/02/21 22:23:10,Temperatura,33.405051715555736
913,11/02/21 22:23:11,Temperatura,27.10429172406899
914,11/02/21 22:23:12,Temperatura,38.561336355349816
915,11/02/21 22:23:13,Temperatura,28.89929120392616
916,11/02/21 22:23:14,Temperatura,23.716981229581517
917,11/02/21 22:23:15,Temperatura,29.647844385461955
918,11/02/21 22:23:17,Temperatura,30.15077864106523
919,11/02/21 22:23:18,Temperatura,26.876148119615426
920,11/02/21 22:23:19,Temperatura,26.11432148334717
921,11/02/21 22:23:20,Temperatura,27.997103801871116
922,11/02/21 22:23:21,Temperatura,31.697601312391424
923,11/02/21 22:23:22,Temperatura,31.00556355346841
924,11/02/21 22:23:23,Temperatura,27.316940059392948
925,11/02/21 22:23:24,Temperatura,19.647237671157527
926,11/02/21 22:23:25,Temperatura,33.43838960892994
927,11/02/21 22:23:26,Temperatura,25.66061512698056
928,11/02/21 22:23:28,Temperatura,40.828350050967344
929,11/02/21 22:23:29,Temperatura,35.70632436424668
930,11/02/21 22:23:30,Temperatura,31.600618620049417
931,11/02/21 22:23:31,Temperatura,19.294386531001457
932,11/02/21 22:23:32,Temperatura,24.151713049025926
933,11/02/21 22:23:33,Temperatura,35.57154749113319
934,11/02/21 22:23:34,Temperatura,28.2080814271563
935,11/02/21 22:23:36,Temperatura,28.337468933971923
936,11/02/21 22:23:37,Temperatura,35.99898435128451
937,11/02/21 22:23:38,Temperatura,34.453656000819144
938,11/02/21 22:23:39,Temperatura,36.96793713691487
939,11/02/21 22:23:40,Temperatura,19.695158699129777
940,11/02/21 22:23:42,Temperatura,35.61716261595701
941,11/02/21 22:23:43,Temperatura,27.414410471163936
942,11/02/21 22:23:44,Temperatura,33.08060647092902
943,11/02/21 22:23:45,Temperatura,34.12075685364937
944,11/02/21 22:23:46,Temperatura,38.408173311369794
945,11/02/21 22:23:47,Temperatura,30.921324992638354
946,11/02/21 22:23:48,Temperatura,27.864028243488296
947,11/02/21 22:23:50,Temperatura,30.424858849828052
948,11/02/21 22:23:51,Temperatura,27.465105330931095
949,11/02/21 22:23:52,Temperatura,37.17696071572812
950,11/02/21 22:23:53,Temperatura,26.02399142859312
951,11/02/21 22:23:54,Temperatura,30.884913341069815
952,11/02/21 22:23:56,Temperatura,30.87262180353583
953,11/02/21 22:23:57,Temperatura,27.683041273148348
954,11/02/21 22:23:58,Temperatura,17.750770242009995
955,11/02/21 22:23:59,Temperatura,23.63960059116183
956,11/02/21 22:24:00,Temperatura,20.497333115886953
957,11/02/21 22:24:01,Temperatura,33.5216168602518
958,11/02/21 22:24:03,Temperatura,21.707825697156533
959,11/02/21 22:24:04,Temperatura,34.53147124741287
960,11/02/21 22:24:05,Temperatura,34.78783496613397
961,11/02/21 22:24:06,Temperatura,37.7065298701796
962,11/02/21 22:24:07,Temperatura,25.776352593567896
963,11/02/21 22:24:09,Temperatura,27.48714041808527
964,11/02/21 22:24:10,Temperatura,30.745099936561626
965,11/02/21 22:24:11,Temperatura,26.534997536624775
966,11/02/21 22:24:12,Temperatura,29.810341575986488
967,11/02/21 22:24:13,Temperatura,26.930006890395234
968,11/02/21 22:24:14,Temperatura,28.817269832095306
969,11/02/21 22:24:16,Temperatura,30.00504554529991
970,11/02/21 22:24:17,Temperatura,39.55523206923324
971,11/02/21 22:24:18,Temperatura,33.56539618387304
972,11/02/21 22:24:19,Temperatura,29.597987480475663
973,11/02/21 22:24:20,Temperatura,33.187814137293884
974,11/02/21 22:24:21,Temperatura,30.282687271699363
975,11/02/21 22:24:23,Temperatura,37.16090543423179
976,11/02/21 22:24:24,Temperatura,18.48912410959837
977,11/02/21 22:24:25,Temperatura,26.985872875581396
978,11/02/21 22:24:26,Temperatura,32.69143818596112
979,11/02/21 22:24:27,Temperatura,33.310030942608925
980,11/02/21 22:24:28,Temperatura,25.358036545061232
981,11/02/21 22:24:29,Temperatura,26.60560165776686
982,11/02/21 22:24:30,Temperatura,20.343272265673946
983,11/02/21 22:24:32,Temperatura,33.15941508224682
984,11/02/21 22:24:33,Temperatura,22.617789009309035
985,11/02/21 22:24:34,Temperatura,18.467132571518302
986,11/02/21 22:24:35,Temperatura,33.172325634020886
987,11/02/21 22:24:36,Temperatura,28.86503561888144
988,11/02/21 22:24:37,Temperatura,28.601582378774427
989,11/02/21 22:24:38,Temperatura,27.532878345360693
990,11/02/21 22:24:40,Temperatura,28.518226961109246
991,11/02/21 22:24:41,Temperatura,24.203254425018258
992,11/02/21 22:24:42,Temperatura,34.28770222044089
993,11/02/21 22:24:43,Temperatura,35.143509328700986
994,11/02/21 22:24:44,Temperatura,25.99448108731079
995,11/02/21 22:24:45,Temperatura,23.633280020839287
996,11/02/21 22:24:46,Temperatura,33.12521914067538
997,11/02/21 22:24:47,Temperatura,26.6995498342446
998,11/02/21 22:24:49,Temperatura,30.92608738459643
999,11/02/21 22:24:50,Temperatura,32.440013455586644
